tokenizer,step,epoch,train_loss,val_loss,val_bpc,seconds
bpe_2k,185,0.5,6.452831840515136,5.464916957263311,5.341585783519785,14.056832551956177
bpe_2k,370,1.0,5.1268312119148876,4.753519567324633,4.646243070310021,27.664844512939453
bpe_2k,555,1.5,4.637472588307149,4.418646777450577,4.318927623860011,41.41455125808716
bpe_2k,740,2.0,4.399552164851008,4.226630358212887,4.131244593500471,55.46503949165344
bpe_2k,925,2.5,4.249565036876781,4.101331938721443,4.008773884158135,68.90426111221313
bpe_2k,1110,3.0,4.1453515619845005,4.012903897219015,3.922341469347864,82.84270334243774
bpe_2k,1295,3.5,4.061415824374637,3.9480096899833153,3.8589117818496317,96.8428008556366
bpe_2k,1480,4.0,4.003119815362466,3.902201346619207,3.814137232191544,110.77094554901123
bpe_2k,1665,4.5,3.9606075493065087,3.8589720185137644,3.771883495081734,124.6368317604065
bpe_2k,1850,5.0,3.921620762025988,3.8233295750112415,3.737045423251577,138.15118789672852
bpe_2k,2035,5.5,3.879258225415204,3.795607393175534,3.709948870176794,151.95749473571777
bpe_2k,2220,6.0,3.8506631992958686,3.7694624852989707,3.6843939954518867,165.45542311668396
bpe_2k,2405,6.5,3.8268965154080776,3.7513597912757897,3.6666998394759003,179.11283230781555
bpe_2k,2590,7.0,3.8094041914553256,3.733412237690579,3.6491573227589162,193.18205070495605
bpe_2k,2775,7.5,3.7907637016193285,3.719094670930321,3.635162872036377,206.6980321407318
bpe_2k,2960,8.0,3.768699629242356,3.7079627397525035,3.6242821640974356,220.33007431030273
bpe_2k,3145,8.5,3.7569264682563577,3.695563687093729,3.6121629308265257,234.02415204048157
bpe_2k,3330,9.0,3.751385495469377,3.688310518524776,3.605073450342857,247.92531323432922
bpe_2k,3515,9.5,3.7443424199078534,3.6823930640848186,3.5992895398537703,261.68319392204285
bpe_2k,3700,10.0,3.7359709507710224,3.678178749354108,3.5951703329511067,275.41568422317505
