tokenizer,language,chars/token,tokens per 100 chars,context window covers (chars),test BPC,total params,vocab params (in+out)
char,en,1.0,100.0,256,2.226,6480896,4835328
char,tr,1.0,100.0,256,2.26,6480896,4835328
char,zh,1.0,100.0,256,6.245,6480896,4835328
bpe_2k,en,2.227,44.9,570,2.054,2670080,1024512
bpe_2k,tr,2.15,46.5,551,2.107,2670080,1024512
bpe_2k,zh,0.899,111.3,230,6.575,2670080,1024512
bpe_10k,en,3.149,31.8,806,1.972,6766080,5120512
bpe_10k,tr,3.151,31.7,807,2.033,6766080,5120512
bpe_10k,zh,1.243,80.4,318,6.186,6766080,5120512
